{
			"subjects": [
				{"episodes_info": "诚信负责，勤学创新，弘扬班级文化，展现团队风采。"},
				{"episodes_info": "以知识为航标，以友情为力量，共筑美好班级文化。"},
				{"episodes_info": "班级文化，凝聚力量，创造未来。"},
				{"episodes_info": "携手共进，创造辉煌的班级文化。"},
				{"episodes_info": "以班为家，以班为荣，共筑美好明天！"},
				{"episodes_info": "智慧照亮未来，文化成就梦想。"},
				{"episodes_info": "知识凝聚力量，文化铸就未来。"}
				
				]


}