{
		"subjects": [
			{"time": "2024/05/15","text": "小雨转多云","num": "22/16℃"},
			{"time": "2024/05/16","text": "阴","num": "22/16℃"},
			{"time": "2024/05/17","text": "阴","num": "24/18℃"},
			{"time": "2024/05/18","text": "阴转多云","num": "29/16℃"},
			{"time": "2024/05/19","text": "阴转小雨","num": "27/15℃"},
			{"time": "2024/05/20","text": "阴转多云","num": "25/17℃"},
			{"time": "2024/05/21","text": "阴转小雨","num": "29/19℃"},
			{"time": "2024/05/22","text": "阴转多云","num": "24/15℃"},
			{"time": "2024/05/23","text": "阴转小雨","num": "26/12℃"},
			{"time": "2024/05/24","text": "阴转多云","num": "25/15℃"}
			
			]
}